,product_id,product_category_name,month_year,qty,revenue,unit_price,product_score,freight_price,s,customers
0,bed1,bed_bath_table,2020-05-01,1,45.95,45.95,4.0,15.1,10.26739356,57
1,bed1,bed_bath_table,2020-06-01,3,137.85,45.95,4.0,12.93333333,6.503115265,61
2,bed1,bed_bath_table,2020-07-01,6,275.7,45.95,4.0,14.84,12.07165109,123
3,bed1,bed_bath_table,2020-08-01,4,183.8,45.95,4.0,14.2875,9.293873313,90
4,bed1,bed_bath_table,2020-09-01,2,91.9,45.95,4.0,15.1,5.555555556,54
5,bed1,bed_bath_table,2020-10-01,3,137.85,45.95,4.0,15.1,8.333333333,50
6,bed1,bed_bath_table,2020-11-01,11,445.85,40.53181818,4.0,15.83272727,30.55555556,97
7,bed1,bed_bath_table,2020-12-01,6,239.94,39.99,4.0,15.23,16.66666667,41
8,bed1,bed_bath_table,2021-01-01,19,759.81,39.99,4.0,16.53368421,17.75700935,62
9,bed1,bed_bath_table,2021-02-01,18,719.82,39.99,4.0,13.74944444,16.82242991,62
10,bed1,bed_bath_table,2021-03-01,17,679.83,39.99,4.0,16.46235294,15.88785047,43
11,bed1,bed_bath_table,2021-04-01,13,519.87,39.99,4.0,14.23615385,12.14953271,34
12,bed1,bed_bath_table,2021-05-01,19,759.81,39.99,4.0,10.25631579,10.26739356,57
13,bed1,bed_bath_table,2021-06-01,5,199.95,39.99,4.0,13.998,6.503115265,43
14,bed1,bed_bath_table,2021-07-01,8,319.92,39.99,4.0,20.4175,12.07165109,26
15,bed1,bed_bath_table,2021-08-01,8,313.92,39.24,4.0,16.33375,9.293873313,15
16,garden5,garden_tools,2020-03-01,6,419.4,69.9,4.1,32.68,9.107142857,21
17,garden5,garden_tools,2020-04-01,3,247.9,82.63333333,4.1,34.21666667,7.678571429,17
18,garden5,garden_tools,2020-05-01,20,1956.0,97.58823529,4.1,39.8975,19.04761905,34
19,garden5,garden_tools,2020-06-01,8,712.0,89.0,4.1,40.80125,7.619047619,26
20,garden5,garden_tools,2020-07-01,10,890.0,89.0,4.1,39.156,9.523809524,74
21,garden5,garden_tools,2020-08-01,7,683.0,97.33333333,4.1,39.5,6.666666667,113
22,garden5,garden_tools,2020-09-01,9,891.0,99.0,4.1,39.01888889,8.571428571,115
23,garden5,garden_tools,2020-10-01,14,1386.0,99.0,4.1,45.77642857,13.33333333,146
24,garden5,garden_tools,2020-11-01,17,1683.0,99.0,4.1,32.86352941,16.19047619,339
25,garden5,garden_tools,2020-12-01,11,1089.0,99.0,4.1,38.05545455,10.47619048,184
26,garden5,garden_tools,2021-01-01,4,398.0,99.5,4.1,41.54,50.0,137
27,garden5,garden_tools,2021-02-01,2,202.0,101.0,4.1,43.555,25.0,160
28,garden5,garden_tools,2021-03-01,1,101.0,101.0,4.1,67.02,9.107142857,116
29,garden5,garden_tools,2021-04-01,1,101.0,101.0,4.1,79.76,7.678571429,111
30,consoles1,consoles_games,2020-07-01,13,258.7,19.9,4.2,13.47307692,7.59180791,13
31,consoles1,consoles_games,2020-08-01,24,477.6,19.9,4.2,16.16375,20.33898305,33
32,consoles1,consoles_games,2020-09-01,9,179.1,19.9,4.2,16.13333333,7.627118644,17
33,consoles1,consoles_games,2020-10-01,28,603.2,21.54285714,4.2,13.53428571,23.72881356,38
34,consoles1,consoles_games,2020-11-01,28,686.0,24.5,4.2,13.64535714,23.72881356,49
35,consoles1,consoles_games,2020-12-01,16,392.0,24.5,4.2,12.87375,13.55932203,30
36,consoles1,consoles_games,2021-02-01,5,162.5,32.5,4.2,15.256,20.83333333,6
37,consoles1,consoles_games,2021-03-01,6,195.0,32.5,4.2,18.05666667,25.0,13
38,consoles1,consoles_games,2021-04-01,7,245.4,35.05714286,4.2,12.98571429,29.16666667,13
39,consoles1,consoles_games,2021-05-01,3,108.6,36.2,4.2,15.87,12.5,3
40,consoles1,consoles_games,2021-06-01,2,72.4,36.2,4.2,18.35,8.333333333,2
41,consoles1,consoles_games,2021-07-01,1,36.2,36.2,4.2,22.18,7.59180791,1
42,garden7,garden_tools,2020-04-01,1,59.9,59.9,4.2,17.16,7.879612825,17
43,garden7,garden_tools,2020-05-01,1,59.9,59.9,4.2,13.44,8.756805808,34
44,garden7,garden_tools,2020-07-01,4,239.6,59.9,4.2,17.67,8.711433757,74
45,garden7,garden_tools,2020-08-01,6,359.4,59.9,4.2,16.26,11.31276467,113
46,garden7,garden_tools,2020-09-01,5,299.5,59.9,4.2,16.782,8.620689655,115
47,garden7,garden_tools,2020-10-01,11,658.9,59.9,4.2,14.80727273,18.96551724,146
48,garden7,garden_tools,2020-11-01,20,1043.6,51.32222222,4.2,16.016,34.48275862,339
49,garden7,garden_tools,2020-12-01,10,571.8,56.97777778,4.2,18.103,17.24137931,184
50,garden7,garden_tools,2021-01-01,11,548.9,49.9,4.2,21.98272727,19.29824561,137
51,garden7,garden_tools,2021-02-01,8,411.2,51.4,4.2,14.08375,14.03508772,160
52,garden7,garden_tools,2021-03-01,3,161.7,53.9,4.2,21.35,5.263157895,116
53,garden7,garden_tools,2021-04-01,8,431.2,53.9,4.2,19.56375,7.879612825,111
54,garden7,garden_tools,2021-05-01,9,477.1,52.9,4.2,16.46,8.756805808,102
55,garden7,garden_tools,2021-06-01,5,249.5,49.9,4.2,23.122,8.771929825,58
56,garden7,garden_tools,2021-07-01,6,299.4,49.9,4.2,20.99,8.711433757,54
57,garden7,garden_tools,2021-08-01,7,349.3,49.9,4.2,24.48142857,11.31276467,46
58,health9,health_beauty,2020-02-01,11,219.89,19.99,4.3,11.75090909,14.94444444,19
59,health9,health_beauty,2020-03-01,9,179.91,19.99,4.3,13.81888889,9.142857143,25
60,health9,health_beauty,2020-04-01,13,259.87,19.99,4.3,18.03846154,5.777777778,23
61,health9,health_beauty,2020-05-01,16,319.84,19.99,4.3,14.8475,9.805555556,41
62,health9,health_beauty,2020-06-01,21,419.79,19.99,4.3,12.68333333,7.345238095,53
63,health9,health_beauty,2020-07-01,29,579.71,19.99,4.3,11.13517241,9.123015873,61
64,health9,health_beauty,2020-08-01,28,651.72,23.39740741,4.3,14.27678571,8.007936508,82
65,health9,health_beauty,2020-09-01,24,575.76,23.99,4.3,16.12,10.66666667,89
66,health9,health_beauty,2020-10-01,27,647.73,23.99,4.3,13.13666667,12.0,81
67,health9,health_beauty,2020-11-01,28,671.72,23.99,4.3,12.37535714,12.44444444,139
68,health9,health_beauty,2020-12-01,19,455.81,23.99,4.3,12.45684211,8.444444444,112
69,health9,health_beauty,2021-01-01,19,455.81,23.99,4.3,11.28736842,33.92857143,98
70,health9,health_beauty,2021-02-01,14,335.86,23.99,4.3,12.55,14.94444444,126
71,health9,health_beauty,2021-03-01,8,191.92,23.99,4.3,14.19875,9.142857143,169
72,health9,health_beauty,2021-05-01,7,167.93,23.99,4.3,7.988571429,9.805555556,159
73,health9,health_beauty,2021-06-01,3,71.97,23.99,4.3,16.27,7.345238095,131
74,health9,health_beauty,2021-07-01,3,71.97,23.99,4.3,18.81,9.123015873,113
75,health9,health_beauty,2021-08-01,2,47.98,23.99,4.3,16.77,8.007936508,127
76,cool4,cool_stuff,2020-07-01,1,134.99,134.99,3.8,15.7,1.428571429,42
77,cool4,cool_stuff,2020-08-01,1,134.99,134.99,3.8,15.7,1.428571429,39
78,cool4,cool_stuff,2020-10-01,12,1763.88,146.99,3.8,18.755,17.14285714,33
79,cool4,cool_stuff,2020-11-01,27,4248.73,157.3603704,3.8,20.83703704,38.57142857,42
80,cool4,cool_stuff,2020-12-01,29,4842.71,166.99,3.8,24.47137931,41.42857143,38
81,cool4,cool_stuff,2021-01-01,13,2170.87,166.99,3.8,25.28615385,34.21052632,102
82,cool4,cool_stuff,2021-02-01,8,1415.92,176.99,3.8,22.87625,21.05263158,20
83,cool4,cool_stuff,2021-03-01,11,1911.89,173.8081818,3.8,23.95454545,28.94736842,45
84,cool4,cool_stuff,2021-04-01,6,1019.94,169.99,3.8,24.87833333,15.78947368,18
85,health3,health_beauty,2021-01-01,1,110.99,110.99,4.1,44.63,0.641025641,98
86,health3,health_beauty,2021-02-01,2,221.98,110.99,4.1,20.55,1.282051282,126
87,health3,health_beauty,2021-03-01,9,998.91,110.99,4.1,38.19222222,5.769230769,169
88,health3,health_beauty,2021-04-01,13,1514.87,116.5284615,4.1,37.09153846,8.333333333,118
89,health3,health_beauty,2021-05-01,23,2759.77,119.99,4.1,31.5826087,14.74358974,159
90,health3,health_beauty,2021-06-01,43,5288.57,122.99,4.1,35.51837209,27.56410256,131
91,health3,health_beauty,2021-07-01,33,4058.67,122.99,4.1,33.01,21.15384615,113
92,health3,health_beauty,2021-08-01,32,3935.68,122.99,4.1,36.941875,20.51282051,127
93,perfumery1,perfumery,2020-06-01,4,227.96,56.99,4.3,18.4525,4.166666667,4
94,perfumery1,perfumery,2020-07-01,7,398.93,56.99,4.3,11.75,13.16964286,7
95,perfumery1,perfumery,2020-08-01,7,398.93,56.99,4.3,13.58857143,8.407738095,8
96,perfumery1,perfumery,2020-09-01,17,968.83,56.99,4.3,13.74117647,17.70833333,18
97,perfumery1,perfumery,2020-10-01,17,968.83,56.99,4.3,12.29294118,17.70833333,19
98,perfumery1,perfumery,2020-11-01,20,1139.8,56.99,4.3,12.714,20.83333333,27
99,perfumery1,perfumery,2020-12-01,24,1367.76,56.99,4.3,13.82,25.0,34
100,perfumery1,perfumery,2021-01-01,10,569.9,56.99,4.3,12.215,23.80952381,15
101,perfumery1,perfumery,2021-02-01,4,227.96,56.99,4.3,14.5575,9.523809524,12
102,perfumery1,perfumery,2021-03-01,14,706.86,50.49,4.3,15.19642857,33.33333333,18
103,perfumery1,perfumery,2021-04-01,2,99.98,49.99,4.3,13.665,4.761904762,10
104,perfumery1,perfumery,2021-07-01,8,399.92,49.99,4.3,12.5225,13.16964286,13
105,perfumery1,perfumery,2021-08-01,4,199.96,49.99,4.3,12.28,8.407738095,19
106,cool5,cool_stuff,2020-04-01,2,199.98,99.99,4.3,21.17,9.703196347,33
107,cool5,cool_stuff,2020-05-01,18,1799.82,99.99,4.3,15.57722222,24.65753425,58
108,cool5,cool_stuff,2020-06-01,11,1099.89,99.99,4.3,20.49090909,15.06849315,42
109,cool5,cool_stuff,2020-07-01,14,1399.86,99.99,4.3,19.91214286,19.17808219,42
110,cool5,cool_stuff,2020-08-01,8,799.92,99.99,4.3,18.22875,10.95890411,39
111,cool5,cool_stuff,2020-09-01,6,599.94,99.99,4.3,17.78166667,8.219178082,10
112,cool5,cool_stuff,2020-10-01,9,899.91,99.99,4.3,18.51888889,12.32876712,33
113,cool5,cool_stuff,2020-11-01,2,199.98,99.99,4.3,17.45,2.739726027,42
114,cool5,cool_stuff,2020-12-01,3,299.97,99.99,4.3,17.95,4.109589041,38
115,cool5,cool_stuff,2021-01-01,6,599.94,99.99,4.3,15.90166667,25.0,102
116,cool5,cool_stuff,2021-02-01,9,899.91,99.99,4.3,19.08111111,37.5,20
117,cool5,cool_stuff,2021-03-01,5,489.76,97.952,4.3,17.592,20.83333333,45
118,cool5,cool_stuff,2021-04-01,4,338.77,84.6925,4.3,18.195,9.703196347,18
119,health8,health_beauty,2020-03-01,6,539.94,89.99,4.1,13.02,9.134440538,25
120,health8,health_beauty,2020-05-01,6,539.94,89.99,4.1,16.09833333,9.134440538,41
121,health8,health_beauty,2020-06-01,9,809.91,89.99,4.1,14.16333333,8.83440417,53
122,health8,health_beauty,2020-07-01,17,1529.83,89.99,4.1,12.11882353,10.24669657,61
123,health8,health_beauty,2020-08-01,18,1619.82,89.99,4.1,13.41055556,9.261728694,82
124,health8,health_beauty,2020-09-01,21,1889.79,89.99,4.1,13.96428571,14.38356164,89
125,health8,health_beauty,2020-10-01,24,2159.76,89.99,4.1,16.56291667,16.43835616,81
126,health8,health_beauty,2020-11-01,26,2339.74,89.99,4.1,16.99038462,17.80821918,139
127,health8,health_beauty,2020-12-01,19,1709.81,89.99,4.1,15.89473684,13.01369863,112
128,health8,health_beauty,2021-01-01,20,1799.8,89.99,4.1,14.811,17.69911504,98
129,health8,health_beauty,2021-02-01,17,1529.83,89.99,4.1,16.30764706,15.04424779,126
130,health8,health_beauty,2021-03-01,16,1339.84,83.74,4.1,11.876875,9.134440538,169
131,health8,health_beauty,2021-04-01,14,1119.86,79.99,4.1,14.485,12.38938053,118
132,health8,health_beauty,2021-05-01,16,1279.84,79.99,4.1,21.943125,9.134440538,159
133,health8,health_beauty,2021-06-01,13,1039.87,79.99,4.1,13.36230769,8.83440417,131
134,health8,health_beauty,2021-07-01,10,799.9,79.99,4.1,16.745,10.24669657,113
135,health8,health_beauty,2021-08-01,7,579.75,82.82142857,4.1,12.41857143,9.261728694,127
136,garden4,garden_tools,2020-07-01,13,778.7,59.9,4.1,15.39230769,4.072301967,74
137,garden4,garden_tools,2020-08-01,23,1377.7,59.9,4.1,18.05043478,7.387028177,113
138,garden4,garden_tools,2020-09-01,13,778.7,59.9,4.1,16.29461538,6.565656566,115
139,garden4,garden_tools,2020-10-01,36,2156.4,59.9,4.1,16.81416667,18.18181818,146
140,garden4,garden_tools,2020-11-01,69,3711.7,53.78571429,4.1,18.27550725,34.84848485,339
141,garden4,garden_tools,2020-12-01,44,2468.6,55.75,4.1,17.26727273,22.22222222,184
142,garden4,garden_tools,2021-01-01,39,1946.1,49.9,4.1,16.50512821,20.52631579,137
143,garden4,garden_tools,2021-02-01,48,2411.2,50.35714286,4.1,18.281875,25.26315789,160
144,garden4,garden_tools,2021-03-01,26,1401.4,53.9,4.1,19.02423077,13.68421053,116
145,garden4,garden_tools,2021-04-01,28,1509.2,53.9,4.1,19.07142857,14.73684211,111
146,garden4,garden_tools,2021-05-01,25,1319.5,53.05789474,4.1,12.98,13.15789474,102
147,garden4,garden_tools,2021-06-01,15,748.5,49.9,4.1,22.87866667,7.894736842,58
148,garden4,garden_tools,2021-07-01,3,149.7,49.9,4.1,20.99,4.072301967,54
149,garden4,garden_tools,2021-08-01,6,299.4,49.9,4.1,32.32,7.387028177,46
150,computers5,computers_accessories,2020-10-01,1,167.0,167.0,3.5,14.92,33.33333333,31
151,computers5,computers_accessories,2020-12-01,2,239.8,119.9,3.5,13.44,66.66666667,35
152,computers5,computers_accessories,2021-01-01,57,5453.96,93.09489362,3.5,12.23912281,45.96774194,152
153,computers5,computers_accessories,2021-02-01,45,3465.8,77.155,3.5,11.51311111,36.29032258,202
154,computers5,computers_accessories,2021-03-01,6,528.0,88.0,3.5,17.55333333,4.838709677,127
155,computers5,computers_accessories,2021-04-01,10,880.0,88.0,3.5,10.869,8.064516129,107
156,computers5,computers_accessories,2021-06-01,3,269.7,89.9,3.5,21.82666667,2.419354839,66
157,computers5,computers_accessories,2021-07-01,3,236.7,78.9,3.5,13.41333333,2.419354839,43
158,garden10,garden_tools,2020-05-01,3,179.7,59.9,4.2,26.24666667,9.115164065,34
159,garden10,garden_tools,2020-06-01,3,179.7,59.9,4.2,16.26,2.429117553,26
160,garden10,garden_tools,2020-07-01,19,1138.1,59.9,4.2,16.11157895,8.407666985,74
161,garden10,garden_tools,2020-08-01,27,1617.3,59.9,4.2,17.68111111,9.071360306,113
162,garden10,garden_tools,2020-09-01,17,1018.3,59.9,4.2,16.81176471,7.762557078,115
163,garden10,garden_tools,2020-10-01,31,1856.9,59.9,4.2,17.59548387,14.15525114,146
164,garden10,garden_tools,2020-11-01,87,4712.19,53.64828125,4.2,16.07586207,39.7260274,339
165,garden10,garden_tools,2020-12-01,32,1769.7,55.425,4.2,19.184375,14.61187215,184
166,garden10,garden_tools,2021-01-01,29,1447.1,49.9,4.2,15.84103448,16.86046512,137
167,garden10,garden_tools,2021-02-01,36,1828.4,50.9,4.2,17.51944444,20.93023256,160
168,garden10,garden_tools,2021-03-01,35,1886.5,53.9,4.2,21.85285714,20.34883721,116
169,garden10,garden_tools,2021-04-01,13,700.7,53.9,4.2,19.46846154,7.558139535,111
170,garden10,garden_tools,2021-05-01,29,1559.1,53.70952381,4.2,13.51034483,9.115164065,102
171,garden10,garden_tools,2021-06-01,6,299.4,49.9,4.2,23.25166667,2.429117553,58
172,garden10,garden_tools,2021-07-01,14,698.6,49.9,4.2,33.28142857,8.407666985,54
173,garden10,garden_tools,2021-08-01,10,499.0,49.9,4.2,36.442,9.071360306,46
174,computers6,computers_accessories,2021-01-01,22,3307.8,150.3545455,4.3,22.54772727,8.02919708,152
175,computers6,computers_accessories,2021-02-01,69,10343.1,149.9,4.3,26.55289855,25.18248175,202
176,computers6,computers_accessories,2021-03-01,51,7644.9,149.9,4.3,28.47588235,18.61313869,127
177,computers6,computers_accessories,2021-04-01,35,5246.5,149.9,4.3,30.22742857,12.77372263,107
178,computers6,computers_accessories,2021-05-01,52,7794.8,149.9,4.3,18.94307692,18.97810219,78
179,computers6,computers_accessories,2021-06-01,27,4047.3,149.9,4.3,27.62666667,9.854014599,66
180,computers6,computers_accessories,2021-07-01,13,1948.7,149.9,4.3,33.57153846,4.744525547,43
181,computers6,computers_accessories,2021-08-01,5,749.5,149.9,4.3,24.76,1.824817518,18
182,health6,health_beauty,2021-01-01,3,185.97,61.99,3.9,24.05,2.0,98
183,health6,health_beauty,2021-03-01,13,805.87,61.99,3.9,28.61461538,8.666666667,169
184,health6,health_beauty,2021-04-01,15,974.85,64.99,3.9,25.346,10.0,118
185,health6,health_beauty,2021-05-01,38,2469.62,64.99,3.9,24.77447368,25.33333333,159
186,health6,health_beauty,2021-06-01,26,1741.74,66.99,3.9,30.24153846,17.33333333,131
187,health6,health_beauty,2021-07-01,27,1808.73,66.99,3.9,25.90074074,18.0,113
188,health6,health_beauty,2021-08-01,28,1875.72,66.99,3.9,23.52821429,18.66666667,127
189,garden6,garden_tools,2020-05-01,4,239.6,59.9,4.1,19.7325,14.18617614,34
190,garden6,garden_tools,2020-06-01,1,59.9,59.9,4.1,17.67,3.065774805,26
191,garden6,garden_tools,2020-07-01,14,838.6,59.9,4.1,16.62642857,3.978539576,74
192,garden6,garden_tools,2020-08-01,39,2336.1,59.9,4.1,18.16230769,8.507525084,113
193,garden6,garden_tools,2020-09-01,37,2216.3,59.9,4.1,17.18702703,13.4057971,115
194,garden6,garden_tools,2020-10-01,39,2336.1,59.9,4.1,18.06589744,14.13043478,146
195,garden6,garden_tools,2020-11-01,91,4769.7,52.40694444,4.1,17.06747253,32.97101449,339
196,garden6,garden_tools,2020-12-01,51,2881.6,55.1,4.1,15.75960784,18.47826087,184
197,garden6,garden_tools,2021-01-01,12,598.8,49.9,4.1,19.495,5.769230769,137
198,garden6,garden_tools,2021-02-01,39,1970.1,50.54516129,4.1,16.61153846,18.75,160
199,garden6,garden_tools,2021-03-01,31,1670.9,53.9,4.1,20.35967742,14.90384615,116
200,garden6,garden_tools,2021-04-01,46,2479.4,53.9,4.1,5.28173913,22.11538462,111
201,garden6,garden_tools,2021-05-01,56,2982.4,53.41515152,4.1,10.75303571,14.18617614,102
202,garden6,garden_tools,2021-06-01,12,598.8,49.9,4.1,19.89083333,3.065774805,58
203,garden6,garden_tools,2021-07-01,6,299.46,49.91,4.1,28.37333333,3.978539576,54
204,garden6,garden_tools,2021-08-01,6,299.46,49.91,4.1,20.32833333,8.507525084,46
205,health10,health_beauty,2021-02-01,21,994.04,47.35789474,4.2,10.20047619,13.5483871,126
206,health10,health_beauty,2021-03-01,58,2809.65,48.45944444,4.2,12.56344828,37.41935484,169
207,health10,health_beauty,2021-04-01,18,965.91,53.70176471,4.2,13.16055556,11.61290323,118
208,health10,health_beauty,2021-05-01,33,1723.08,52.06928571,4.2,10.63121212,21.29032258,159
209,health10,health_beauty,2021-06-01,9,449.82,49.98,4.2,12.91,5.806451613,131
210,health10,health_beauty,2021-07-01,5,257.56,51.512,4.2,14.368,3.225806452,113
211,health10,health_beauty,2021-08-01,11,557.85,50.71,4.2,9.312727273,7.096774194,127
212,watches2,watches_gifts,2020-06-01,5,789.95,157.99,4.0,13.91,4.072822823,17
213,watches2,watches_gifts,2020-07-01,6,1016.95,171.792,4.0,14.95,7.526276276,29
214,watches2,watches_gifts,2020-08-01,5,849.5,169.9,4.0,17.084,5.461711712,48
215,watches2,watches_gifts,2020-09-01,10,1604.0,160.4,4.0,17.856,13.51351351,54
216,watches2,watches_gifts,2020-10-01,16,2391.6,149.475,4.0,18.505625,21.62162162,43
217,watches2,watches_gifts,2020-11-01,26,3660.0,140.56,4.0,19.17230769,35.13513514,91
218,watches2,watches_gifts,2020-12-01,6,894.0,149.0,4.0,17.00333333,8.108108108,73
219,watches2,watches_gifts,2021-01-01,8,1188.0,148.5,4.0,14.165,11.11111111,59
220,watches2,watches_gifts,2021-02-01,14,2043.92,145.9942857,4.0,15.12928571,19.44444444,90
221,watches2,watches_gifts,2021-03-01,9,1115.7,123.9666667,4.0,26.27222222,12.5,125
222,watches2,watches_gifts,2021-04-01,10,1191.9,119.19,4.0,21.229,13.88888889,178
223,watches2,watches_gifts,2021-05-01,22,2598.9,118.1318182,4.0,14.71227273,30.55555556,260
224,watches2,watches_gifts,2021-06-01,1,139.9,139.9,4.0,18.86,4.072822823,93
225,watches2,watches_gifts,2021-07-01,5,694.9,138.98,4.0,23.162,7.526276276,122
226,watches2,watches_gifts,2021-08-01,3,414.0,138.0,4.0,23.52666667,5.461711712,61
227,health1,health_beauty,2020-08-01,3,254.97,84.99,3.8,15.57,3.125,82
228,health1,health_beauty,2020-09-01,4,339.96,84.99,3.8,15.6,4.166666667,89
229,health1,health_beauty,2020-10-01,3,254.97,84.99,3.8,19.61,3.125,81
230,health1,health_beauty,2020-11-01,36,3059.64,84.99,3.8,17.40833333,37.5,139
231,health1,health_beauty,2020-12-01,50,4249.5,84.99,3.8,16.2446,52.08333333,112
232,health1,health_beauty,2021-01-01,13,1104.87,84.99,3.8,15.99615385,50.0,98
233,health1,health_beauty,2021-02-01,7,594.93,84.99,3.8,15.86714286,26.92307692,126
234,health1,health_beauty,2021-03-01,4,339.96,84.99,3.8,16.375,15.38461538,169
235,health1,health_beauty,2021-06-01,2,169.98,84.99,3.8,22.08,7.692307692,131
236,garden8,garden_tools,2020-02-01,1,179.99,179.99,4.2,33.54,8.942307692,3
237,garden8,garden_tools,2020-04-01,3,539.97,179.99,4.2,36.64333333,10.80128205,17
238,garden8,garden_tools,2020-09-01,2,359.98,179.99,4.2,26.88,5.0,115
239,garden8,garden_tools,2020-10-01,6,1079.94,179.99,4.2,36.75666667,15.0,146
240,garden8,garden_tools,2020-11-01,13,2339.87,179.99,4.2,43.14153846,32.5,339
241,garden8,garden_tools,2020-12-01,15,2759.85,183.99,4.2,47.594,37.5,184
242,garden8,garden_tools,2021-01-01,14,2629.96,187.8542857,4.2,38.53785714,17.94871795,137
243,garden8,garden_tools,2021-02-01,12,2148.0,179.0,4.2,47.82583333,8.942307692,160
244,garden8,garden_tools,2021-03-01,13,2277.0,175.1538462,4.2,57.29846154,16.66666667,116
245,garden8,garden_tools,2021-04-01,11,1969.0,179.0,4.2,28.63272727,10.80128205,111
246,garden8,garden_tools,2021-05-01,3,537.0,179.0,4.2,24.37,3.846153846,102
247,garden8,garden_tools,2021-06-01,10,1590.0,159.0,4.2,54.763,12.82051282,58
248,garden8,garden_tools,2021-07-01,8,1112.0,139.0,4.2,48.62875,10.25641026,54
249,garden8,garden_tools,2021-08-01,7,973.0,139.0,4.2,73.59,8.974358974,46
250,garden9,garden_tools,2020-04-01,3,179.7,59.9,4.0,18.39333333,7.139686298,17
251,garden9,garden_tools,2020-05-01,7,419.3,59.9,4.0,15.79428571,7.089375555,34
252,garden9,garden_tools,2020-06-01,4,239.6,59.9,4.0,16.6125,3.498076354,26
253,garden9,garden_tools,2020-07-01,19,1138.1,59.9,4.0,16.03052632,7.261023972,74
254,garden9,garden_tools,2020-08-01,21,1257.9,59.9,4.0,18.83142857,7.074578278,113
255,garden9,garden_tools,2020-09-01,23,1377.7,59.9,4.0,18.64347826,10.55045872,115
256,garden9,garden_tools,2020-10-01,19,1138.1,59.9,4.0,17.73052632,8.71559633,146
257,garden9,garden_tools,2020-11-01,82,4397.7,53.37910448,4.0,17.80780488,37.6146789,339
258,garden9,garden_tools,2020-12-01,40,2232.6,55.77096774,4.0,17.5175,18.34862385,184
259,garden9,garden_tools,2021-01-01,25,1247.5,49.9,4.0,17.7532,16.12903226,137
260,garden9,garden_tools,2021-02-01,44,2247.6,51.025,4.0,16.28340909,28.38709677,160
261,garden9,garden_tools,2021-03-01,25,1347.5,53.9,4.0,19.2648,16.12903226,116
262,garden9,garden_tools,2021-04-01,20,1078.0,53.9,4.0,20.563,7.139686298,111
263,garden9,garden_tools,2021-05-01,17,888.3,52.56666667,4.0,14.38823529,7.089375555,102
264,garden9,garden_tools,2021-06-01,8,399.2,49.9,4.0,29.78625,3.498076354,58
265,garden9,garden_tools,2021-07-01,9,449.1,49.9,4.0,27.77,7.261023972,54
266,garden9,garden_tools,2021-08-01,7,349.3,49.9,4.0,33.74,7.074578278,46
267,watches6,watches_gifts,2020-06-01,4,652.0,163.0,4.2,14.265,4.781275793,17
268,watches6,watches_gifts,2020-07-01,11,1777.5,161.5909091,4.2,15.52545455,10.47341115,29
269,watches6,watches_gifts,2020-08-01,13,2088.7,160.6692308,4.2,15.18538462,10.04303738,48
270,watches6,watches_gifts,2020-09-01,18,2762.5,148.7785714,4.2,14.04111111,27.27272727,54
271,watches6,watches_gifts,2020-10-01,1,134.9,134.9,4.2,6.81,1.515151515,43
272,watches6,watches_gifts,2020-11-01,15,1995.0,133.0,4.2,19.91666667,22.72727273,91
273,watches6,watches_gifts,2020-12-01,4,596.0,149.0,4.2,19.1,6.060606061,73
274,watches6,watches_gifts,2021-02-01,6,769.45,128.2416667,4.2,15.92666667,2.33463035,90
275,watches6,watches_gifts,2021-03-01,31,3640.68,117.4412903,4.2,18.26129032,12.06225681,125
276,watches6,watches_gifts,2021-04-01,85,8961.49,105.648625,4.2,2.181647059,33.07392996,178
277,watches6,watches_gifts,2021-05-01,114,11820.2,103.7925234,4.2,0.095438596,44.35797665,260
278,watches6,watches_gifts,2021-06-01,9,1071.0,119.0,4.2,19.20666667,4.781275793,93
279,watches6,watches_gifts,2021-07-01,11,1302.0,118.3636364,4.2,15.48,10.47341115,122
280,watches6,watches_gifts,2021-08-01,1,112.0,112.0,4.2,13.44,10.04303738,61
281,cool3,cool_stuff,2020-09-01,1,29.5,29.5,4.4,11.73,100.0,10
282,cool3,cool_stuff,2021-01-01,76,2242.0,29.5,4.4,16.53263158,67.25663717,102
283,cool3,cool_stuff,2021-03-01,26,910.0,35.0,4.4,16.25615385,23.00884956,45
284,cool3,cool_stuff,2021-04-01,4,140.0,35.0,4.4,14.845,3.539823009,18
285,cool3,cool_stuff,2021-05-01,4,140.0,35.0,4.4,13.6375,3.539823009,4
286,cool3,cool_stuff,2021-06-01,2,130.0,65.0,4.4,15.01,1.769911504,2
287,cool3,cool_stuff,2021-08-01,1,65.0,65.0,4.4,57.23,0.884955752,1
288,perfumery2,perfumery,2020-08-01,1,142.5,142.5,4.4,15.75,12.44918699,8
289,perfumery2,perfumery,2020-09-01,1,142.5,142.5,4.4,9.19,4.166666667,18
290,perfumery2,perfumery,2020-10-01,2,285.0,142.5,4.4,17.15,8.333333333,19
291,perfumery2,perfumery,2020-11-01,8,944.4,118.05,4.4,14.29375,33.33333333,27
292,perfumery2,perfumery,2020-12-01,12,1416.0,118.0,4.4,11.02666667,50.0,34
293,perfumery2,perfumery,2021-01-01,6,707.4,117.9,4.4,14.03833333,7.317073171,15
294,perfumery2,perfumery,2021-02-01,11,1296.8,117.8888889,4.4,13.88090909,13.41463415,12
295,perfumery2,perfumery,2021-03-01,4,470.8,117.7,4.4,15.175,4.87804878,18
296,perfumery2,perfumery,2021-04-01,8,943.8,117.975,4.4,21.65,9.756097561,10
297,perfumery2,perfumery,2021-05-01,17,2038.3,119.9,4.4,15.85235294,20.73170732,16
298,perfumery2,perfumery,2021-06-01,14,1668.5,119.1785714,4.4,14.17285714,17.07317073,14
299,perfumery2,perfumery,2021-07-01,5,593.5,118.7,4.4,15.978,6.097560976,13
300,perfumery2,perfumery,2021-08-01,17,1987.4,116.9066667,4.4,17.79058824,12.44918699,19
301,cool2,cool_stuff,2020-03-01,8,1039.92,129.99,4.3,18.77875,9.853603604,22
302,cool2,cool_stuff,2020-04-01,14,1819.86,129.99,4.3,17.39642857,12.55630631,33
303,cool2,cool_stuff,2020-05-01,18,2339.82,129.99,4.3,18.27277778,16.21621622,58
304,cool2,cool_stuff,2020-06-01,17,2209.83,129.99,4.3,17.06117647,15.31531532,42
305,cool2,cool_stuff,2020-07-01,16,2079.84,129.99,4.3,18.715625,14.41441441,42
306,cool2,cool_stuff,2020-08-01,16,1870.84,116.9275,4.3,19.02125,14.41441441,39
307,cool2,cool_stuff,2020-10-01,10,1199.9,119.99,4.3,19.997,9.009009009,33
308,cool2,cool_stuff,2020-11-01,9,1169.91,129.99,4.3,22.67444444,8.108108108,42
309,cool2,cool_stuff,2020-12-01,3,389.97,129.99,4.3,25.59,2.702702703,38
310,cool2,cool_stuff,2021-01-01,4,519.96,129.99,4.3,17.41,50.0,102
311,cool2,cool_stuff,2021-02-01,2,259.98,129.99,4.3,16.71,25.0,20
312,cool2,cool_stuff,2021-03-01,1,129.99,129.99,4.3,18.49,9.853603604,45
313,cool2,cool_stuff,2021-04-01,1,129.99,129.99,4.3,23.49,12.55630631,18
314,computers1,computers_accessories,2020-05-01,4,379.6,94.9,4.0,15.84,10.81081081,11
315,computers1,computers_accessories,2020-06-01,6,611.4,100.9,4.0,17.785,10.06889242,15
316,computers1,computers_accessories,2020-07-01,10,1099.0,109.9,4.0,12.015,22.33704293,17
317,computers1,computers_accessories,2020-08-01,2,219.8,109.9,4.0,10.39,3.192898781,15
318,computers1,computers_accessories,2020-09-01,4,395.6,98.9,4.0,14.975,10.81081081,15
319,computers1,computers_accessories,2020-10-01,4,395.6,98.9,4.0,17.1225,10.81081081,31
320,computers1,computers_accessories,2020-11-01,6,593.4,98.9,4.0,16.14,16.21621622,36
321,computers1,computers_accessories,2020-12-01,1,98.9,98.9,4.0,13.71,2.702702703,35
322,computers1,computers_accessories,2021-01-01,31,2795.14,90.534,4.0,14.08322581,30.39215686,152
323,computers1,computers_accessories,2021-02-01,30,2537.19,84.75608696,4.0,14.096,29.41176471,202
324,computers1,computers_accessories,2021-03-01,13,1139.8,87.5,4.0,11.67230769,12.74509804,127
325,computers1,computers_accessories,2021-04-01,5,470.0,94.0,4.0,15.48,4.901960784,107
326,computers1,computers_accessories,2021-06-01,4,292.0,73.0,4.0,17.1875,10.06889242,66
327,computers1,computers_accessories,2021-07-01,18,1199.48,66.34214286,4.0,21.16444444,22.33704293,43
328,computers1,computers_accessories,2021-08-01,1,79.9,79.9,4.0,13.9,3.192898781,18
329,consoles2,consoles_games,2020-07-01,1,19.9,19.9,3.9,11.85,1.369863014,13
330,consoles2,consoles_games,2020-08-01,11,218.9,19.9,3.9,15.83272727,15.06849315,33
331,consoles2,consoles_games,2020-09-01,9,179.1,19.9,3.9,15.41111111,12.32876712,17
332,consoles2,consoles_games,2020-10-01,12,248.0,20.66666667,3.9,12.80333333,16.43835616,38
333,consoles2,consoles_games,2020-11-01,23,563.5,24.5,3.9,13.65217391,31.50684932,49
334,consoles2,consoles_games,2020-12-01,17,416.5,24.5,3.9,13.52470588,23.28767123,30
335,consoles2,consoles_games,2021-01-01,10,271.2,27.03333333,3.9,13.319,41.66666667,9
336,consoles2,consoles_games,2021-02-01,1,32.5,32.5,3.9,11.85,4.166666667,6
337,consoles2,consoles_games,2021-03-01,7,229.2,32.74285714,3.9,14.02714286,29.16666667,13
338,consoles2,consoles_games,2021-04-01,6,205.2,34.2,3.9,15.015,25.0,13
339,health5,health_beauty,2020-01-01,8,2799.2,349.9,4.3,22.90125,12.77173913,9
340,health5,health_beauty,2020-02-01,4,1399.6,349.9,4.3,26.9275,11.27717391,19
341,health5,health_beauty,2020-03-01,2,699.8,349.9,4.3,21.275,10.80163043,25
342,health5,health_beauty,2020-04-01,1,349.9,349.9,4.3,19.29,4.585597826,23
343,health5,health_beauty,2020-05-01,4,1399.6,349.9,4.3,26.73,8.559782609,41
344,health5,health_beauty,2020-06-01,2,699.8,349.9,4.3,24.505,7.54076087,53
345,health5,health_beauty,2020-07-01,1,349.9,349.9,4.3,29.3,6.75951087,61
346,health5,health_beauty,2020-08-01,7,2449.3,349.9,4.3,29.94714286,10.36005435,82
347,health5,health_beauty,2020-09-01,7,2449.3,349.9,4.3,26.58285714,10.9375,89
348,health5,health_beauty,2020-10-01,10,3499.0,349.9,4.3,22.84,15.625,81
349,health5,health_beauty,2020-11-01,11,3543.5,322.1363636,4.3,20.47818182,17.1875,139
350,health5,health_beauty,2020-12-01,7,2449.3,349.9,4.3,29.09285714,10.9375,112
351,health5,health_beauty,2021-01-01,12,4198.8,349.9,4.3,28.41416667,12.77173913,98
352,health5,health_beauty,2021-02-01,15,5248.5,349.9,4.3,23.20533333,11.27717391,126
353,health5,health_beauty,2021-03-01,17,5948.3,349.9,4.3,29.6,10.80163043,169
354,health5,health_beauty,2021-04-01,7,2449.3,349.9,4.3,25.64142857,4.585597826,118
355,health5,health_beauty,2021-05-01,10,3513.1,352.25,4.3,38.57,8.559782609,159
356,health5,health_beauty,2021-06-01,11,4004.0,364.0,4.3,32.69727273,7.54076087,131
357,health5,health_beauty,2021-07-01,11,4004.0,364.0,4.3,36.24636364,6.75951087,113
358,health5,health_beauty,2021-08-01,9,3276.0,364.0,4.3,28.55111111,10.36005435,127
359,watches8,watches_gifts,2020-07-01,2,479.8,239.9,4.1,14.805,31.19469027,29
360,watches8,watches_gifts,2020-10-01,2,479.8,239.9,4.1,11.22,50.0,43
361,watches8,watches_gifts,2021-01-01,2,459.8,229.9,4.1,16.36,1.769911504,59
362,watches8,watches_gifts,2021-02-01,11,2250.8,204.6181818,4.1,17.02545455,9.734513274,90
363,watches8,watches_gifts,2021-03-01,16,2680.0,167.5,4.1,17.154375,14.15929204,125
364,watches8,watches_gifts,2021-04-01,26,3908.9,150.3423077,4.1,17.50192308,23.00884956,178
365,watches8,watches_gifts,2021-05-01,30,4355.0,145.1666667,4.1,16.259,26.54867257,260
366,watches8,watches_gifts,2021-06-01,3,457.9,152.6333333,4.1,19.17,2.654867257,93
367,watches8,watches_gifts,2021-07-01,14,2200.0,157.1428571,4.1,16.65714286,31.19469027,122
368,watches8,watches_gifts,2021-08-01,11,1737.4,157.9454545,4.1,14.59272727,9.734513274,61
369,furniture4,furniture_decor,2020-11-01,1,99.9,99.9,4.4,21.19,25.0,64
370,furniture4,furniture_decor,2020-12-01,3,299.7,99.9,4.4,20.64666667,75.0,40
371,furniture4,furniture_decor,2021-01-01,13,1298.7,99.9,4.4,22.81923077,13.40206186,125
372,furniture4,furniture_decor,2021-02-01,13,1298.7,99.9,4.4,28.89076923,13.40206186,52
373,furniture4,furniture_decor,2021-03-01,12,1198.8,99.9,4.4,22.14583333,12.37113402,83
374,furniture4,furniture_decor,2021-04-01,13,1298.7,99.9,4.4,23.32769231,13.40206186,92
375,furniture4,furniture_decor,2021-05-01,13,1298.7,99.9,4.4,19.41076923,13.40206186,95
376,furniture4,furniture_decor,2021-06-01,10,999.0,99.9,4.4,25.636,10.30927835,18
377,furniture4,furniture_decor,2021-07-01,14,1099.5,78.53571429,4.4,23.84714286,14.43298969,22
378,furniture4,furniture_decor,2021-08-01,9,754.5,83.83333333,4.4,23.77666667,9.278350515,19
379,watches5,watches_gifts,2020-08-01,8,1839.2,229.9,4.1,15.14125,12.12121212,48
380,watches5,watches_gifts,2020-09-01,10,2190.6,219.06,4.1,15.345,15.15151515,54
381,watches5,watches_gifts,2020-10-01,8,1729.2,216.15,4.1,19.1,12.12121212,43
382,watches5,watches_gifts,2020-11-01,12,2395.2,203.2909091,4.1,19.795,18.18181818,91
383,watches5,watches_gifts,2020-12-01,28,6287.2,224.5428571,4.1,17.48678571,42.42424242,73
384,watches5,watches_gifts,2021-01-01,10,2207.7,220.77,4.1,20.496,12.98701299,59
385,watches5,watches_gifts,2021-02-01,21,4319.4,205.6857143,4.1,20.90238095,27.27272727,90
386,watches5,watches_gifts,2021-03-01,16,3459.0,216.1875,4.1,29.476875,20.77922078,125
387,watches5,watches_gifts,2021-04-01,13,2657.0,204.3846154,4.1,4.088461538,16.88311688,178
388,watches5,watches_gifts,2021-05-01,17,3383.0,199.0,4.1,0.0,22.07792208,260
389,health7,health_beauty,2020-01-01,1,64.99,64.99,3.9,11.06,5.642857143,9
390,health7,health_beauty,2020-02-01,5,324.95,64.99,3.9,15.348,13.92857143,19
391,health7,health_beauty,2020-03-01,9,584.91,64.99,3.9,17.26222222,11.5,25
392,health7,health_beauty,2020-04-01,9,584.91,64.99,3.9,15.16888889,12.39285714,23
393,health7,health_beauty,2020-05-01,16,1039.84,64.99,3.9,14.811875,8.142857143,41
394,health7,health_beauty,2020-06-01,21,1234.79,58.79952381,3.9,13.90333333,11.35714286,53
395,health7,health_beauty,2020-07-01,15,888.85,59.25666667,3.9,17.998,6.071428571,61
396,health7,health_beauty,2020-08-01,22,1297.78,58.99,3.9,16.24090909,8.964285714,82
397,health7,health_beauty,2020-09-01,25,1474.75,58.99,3.9,15.6392,14.28571429,89
398,health7,health_beauty,2020-10-01,19,1120.81,58.99,3.9,19.06526316,10.85714286,81
399,health7,health_beauty,2020-11-01,24,1415.76,58.99,3.9,15.71166667,13.71428571,139
400,health7,health_beauty,2020-12-01,9,530.91,58.99,3.9,16.33222222,5.142857143,112
401,health7,health_beauty,2021-01-01,6,353.94,58.99,3.9,22.67833333,5.642857143,98
402,health7,health_beauty,2021-02-01,14,825.86,58.99,3.9,19.575,13.92857143,126
403,health7,health_beauty,2021-03-01,10,589.9,58.99,3.9,15.228,11.5,169
404,health7,health_beauty,2021-04-01,11,648.89,58.99,3.9,16.30272727,12.39285714,118
405,health7,health_beauty,2021-05-01,4,235.96,58.99,3.9,9.4225,8.142857143,159
406,health7,health_beauty,2021-06-01,6,353.94,58.99,3.9,16.43,11.35714286,131
407,health7,health_beauty,2021-07-01,2,117.98,58.99,3.9,7.67,6.071428571,113
408,health7,health_beauty,2021-08-01,3,176.97,58.99,3.9,12.08333333,8.964285714,127
409,bed3,bed_bath_table,2020-10-01,8,792.0,99.0,3.3,16.35375,21.62162162,50
410,bed3,bed_bath_table,2020-11-01,22,2178.0,99.0,3.3,18.79636364,59.45945946,97
411,bed3,bed_bath_table,2020-12-01,7,693.0,99.0,3.3,18.66285714,18.91891892,41
412,bed3,bed_bath_table,2021-01-01,11,1082.0,98.3,3.3,16.39727273,14.86486486,62
413,bed3,bed_bath_table,2021-02-01,13,1196.0,92.0,3.3,16.19461538,17.56756757,62
414,bed3,bed_bath_table,2021-03-01,3,276.0,92.0,3.3,14.04333333,4.054054054,43
415,bed3,bed_bath_table,2021-04-01,9,815.0,90.875,3.3,17.82222222,12.16216216,34
416,bed3,bed_bath_table,2021-05-01,14,1235.36,88.24,3.3,9.212857143,18.91891892,57
417,bed3,bed_bath_table,2021-06-01,14,1188.6,84.9,3.3,17.975,18.91891892,43
418,bed3,bed_bath_table,2021-07-01,9,764.1,84.9,3.3,22.44777778,12.16216216,26
419,bed3,bed_bath_table,2021-08-01,1,84.9,84.9,3.3,4.41,1.351351351,15
420,garden3,garden_tools,2020-02-01,1,99.99,99.99,4.1,33.0,11.58685065,3
421,garden3,garden_tools,2020-03-01,11,1099.89,99.99,4.1,30.53909091,11.83035714,21
422,garden3,garden_tools,2020-04-01,8,759.92,96.65666667,4.1,33.71,10.66355519,17
423,garden3,garden_tools,2020-05-01,2,219.98,109.99,4.1,34.13,7.548701299,34
424,garden3,garden_tools,2020-06-01,2,239.98,119.99,4.1,34.2,9.111201299,26
425,garden3,garden_tools,2020-07-01,2,240.0,120.0,4.1,36.28,5.204951299,74
426,garden3,garden_tools,2020-09-01,4,417.0,104.25,4.1,33.09,5.194805195,115
427,garden3,garden_tools,2020-10-01,12,1105.92,92.594,4.1,30.83416667,15.58441558,146
428,garden3,garden_tools,2020-11-01,21,1889.79,89.99,4.1,47.52571429,27.27272727,339
429,garden3,garden_tools,2020-12-01,14,1259.86,89.99,4.1,42.60714286,18.18181818,184
430,garden3,garden_tools,2021-01-01,12,1479.98,123.3316667,4.1,39.19416667,18.75,137
431,garden3,garden_tools,2021-02-01,14,1680.0,120.0,4.1,33.00214286,11.58685065,160
432,garden3,garden_tools,2021-03-01,6,680.0,113.3333333,4.1,50.19333333,11.83035714,116
433,garden3,garden_tools,2021-04-01,7,770.0,110.0,4.1,42.21142857,10.66355519,111
434,garden3,garden_tools,2021-05-01,8,880.0,110.0,4.1,39.37125,7.548701299,102
435,garden3,garden_tools,2021-06-01,10,969.9,96.65666667,4.1,41.186,9.111201299,58
436,garden3,garden_tools,2021-07-01,5,499.95,99.99,4.1,44.232,5.204951299,54
437,garden3,garden_tools,2021-08-01,2,199.98,99.99,4.1,47.745,3.125,46
438,bed2,bed_bath_table,2020-02-01,2,179.8,89.9,3.9,13.02,8.872301532,2
439,bed2,bed_bath_table,2020-03-01,22,1977.8,89.9,3.9,13.65272727,9.704691852,20
440,bed2,bed_bath_table,2020-04-01,34,3056.6,89.9,3.9,15.05,7.079126045,31
441,bed2,bed_bath_table,2020-05-01,58,5214.2,89.9,3.9,15.01189655,18.23424443,57
442,bed2,bed_bath_table,2020-06-01,51,4584.9,89.9,3.9,14.76921569,16.08743907,61
443,bed2,bed_bath_table,2020-07-01,60,5394.0,89.9,3.9,13.99383333,12.26279596,123
444,bed2,bed_bath_table,2020-08-01,37,3326.3,89.9,3.9,14.65675676,7.887578343,90
445,bed2,bed_bath_table,2020-09-01,23,2067.7,89.9,3.9,18.77652174,6.406685237,54
446,bed2,bed_bath_table,2020-10-01,14,1258.6,89.9,3.9,21.57214286,3.899721448,50
447,bed2,bed_bath_table,2020-11-01,40,3596.0,89.9,3.9,16.294,11.14206128,97
448,bed2,bed_bath_table,2020-12-01,18,1594.2,88.48823529,3.9,18.89833333,5.013927577,41
449,bed2,bed_bath_table,2021-01-01,17,1477.3,86.9,3.9,19.38352941,13.28125,62
450,bed2,bed_bath_table,2021-02-01,22,1911.8,86.9,3.9,19.20909091,8.872301532,62
451,bed2,bed_bath_table,2021-03-01,17,1477.3,86.9,3.9,19.98235294,9.704691852,43
452,bed2,bed_bath_table,2021-04-01,6,510.27,85.045,3.9,12.94,7.079126045,34
453,bed2,bed_bath_table,2021-05-01,26,2174.89,83.64961538,3.9,16.78038462,18.23424443,57
454,bed2,bed_bath_table,2021-06-01,23,1837.7,79.9,3.9,23.00565217,16.08743907,43
455,bed2,bed_bath_table,2021-07-01,10,781.3,77.93333333,3.9,19.952,12.26279596,26
456,bed2,bed_bath_table,2021-08-01,7,518.0,74.0,3.9,17.25571429,7.887578343,15
457,furniture3,furniture_decor,2020-08-01,1,38.4,38.4,3.8,11.85,2.079759863,14
458,furniture3,furniture_decor,2020-09-01,6,230.4,38.4,3.8,13.5,11.32075472,7
459,furniture3,furniture_decor,2020-10-01,8,307.2,38.4,3.8,15.55875,15.09433962,17
460,furniture3,furniture_decor,2020-11-01,34,1170.35,34.58117647,3.8,13.75058824,64.1509434,64
461,furniture3,furniture_decor,2020-12-01,4,153.6,38.4,3.8,11.015,7.547169811,40
462,furniture3,furniture_decor,2021-01-01,15,576.0,38.4,3.8,14.27533333,34.09090909,125
463,furniture3,furniture_decor,2021-02-01,4,153.6,38.4,3.8,15.61,9.090909091,52
464,furniture3,furniture_decor,2021-03-01,14,493.4,35.48571429,3.8,15.18928571,31.81818182,83
465,furniture3,furniture_decor,2021-04-01,4,140.0,35.0,3.8,15.0,9.090909091,92
466,furniture3,furniture_decor,2021-05-01,4,140.0,35.0,3.8,11.58,9.090909091,95
467,furniture3,furniture_decor,2021-06-01,2,70.0,35.0,3.8,19.32,4.545454545,18
468,furniture3,furniture_decor,2021-08-01,1,35.0,35.0,3.8,19.44,2.079759863,19
469,watches4,watches_gifts,2020-11-01,13,1404.0,108.0,4.2,15.90846154,50.0,91
470,watches4,watches_gifts,2020-12-01,13,1404.0,108.0,4.2,16.65384615,50.0,73
471,watches4,watches_gifts,2021-01-01,44,4752.0,108.0,4.2,16.19636364,22.11055276,59
472,watches4,watches_gifts,2021-02-01,33,3564.0,108.0,4.2,18.25363636,16.58291457,90
473,watches4,watches_gifts,2021-03-01,21,2214.0,105.6428571,4.2,21.6652381,10.55276382,125
474,watches4,watches_gifts,2021-04-01,21,2205.0,105.0,4.2,13.63142857,10.55276382,178
475,watches4,watches_gifts,2021-05-01,37,3885.0,105.0,4.2,11.3772973,18.59296482,260
476,watches4,watches_gifts,2021-06-01,28,2940.0,105.0,4.2,23.82357143,14.07035176,93
477,watches4,watches_gifts,2021-07-01,8,840.0,105.0,4.2,24.93875,4.020100503,122
478,watches4,watches_gifts,2021-08-01,7,735.0,105.0,4.2,23.38571429,3.51758794,61
479,watches3,watches_gifts,2020-03-01,1,78.0,78.0,3.9,17.98,2.740664611,6
480,watches3,watches_gifts,2020-06-01,3,234.0,78.0,3.9,10.3,21.17163412,17
481,watches3,watches_gifts,2020-07-01,1,78.0,78.0,3.9,14.3,16.76944159,29
482,watches3,watches_gifts,2020-08-01,5,390.0,78.0,3.9,18.22,21.97670435,48
483,watches3,watches_gifts,2020-10-01,3,234.0,78.0,3.9,12.13333333,14.28571429,43
484,watches3,watches_gifts,2020-11-01,2,156.0,78.0,3.9,7.8,9.523809524,91
485,watches3,watches_gifts,2020-12-01,6,468.0,78.0,3.9,19.69166667,28.57142857,73
486,watches3,watches_gifts,2021-01-01,9,702.0,78.0,3.9,14.63333333,6.474820144,59
487,watches3,watches_gifts,2021-02-01,1,78.0,78.0,3.9,15.3,0.71942446,90
488,watches3,watches_gifts,2021-03-01,1,78.0,78.0,3.9,19.24,2.740664611,125
489,watches3,watches_gifts,2021-04-01,16,1248.0,78.0,3.9,16.645625,11.51079137,178
490,watches3,watches_gifts,2021-05-01,5,390.0,78.0,3.9,10.24,3.597122302,260
491,watches3,watches_gifts,2021-06-01,39,3042.0,78.0,3.9,15.6825641,21.17163412,93
492,watches3,watches_gifts,2021-07-01,40,3120.0,78.0,3.9,17.9795,16.76944159,122
493,watches3,watches_gifts,2021-08-01,28,2179.0,77.82142857,3.9,13.09035714,21.97670435,61
494,furniture2,furniture_decor,2020-07-01,5,375.0,75.0,4.1,15.856,2.435113207,5
495,furniture2,furniture_decor,2020-08-01,13,975.0,75.0,4.1,15.37692308,6.064950512,14
496,furniture2,furniture_decor,2020-10-01,5,375.0,75.0,4.1,13.64,4.385964912,17
497,furniture2,furniture_decor,2020-11-01,44,3300.0,75.0,4.1,16.13272727,38.59649123,64
498,furniture2,furniture_decor,2020-12-01,47,3525.0,75.0,4.1,17.44638298,41.22807018,40
499,furniture2,furniture_decor,2021-01-01,122,8538.0,69.9953271,4.1,17.66311475,29.53995157,125
500,furniture2,furniture_decor,2021-02-01,44,3075.6,69.9,4.1,16.11590909,10.65375303,52
501,furniture2,furniture_decor,2021-03-01,65,4543.5,69.9,4.1,18.42507692,15.73849879,83
502,furniture2,furniture_decor,2021-04-01,83,5801.7,69.9,4.1,9.071566265,20.0968523,92
503,furniture2,furniture_decor,2021-05-01,92,6430.8,69.9,4.1,3.801630435,22.27602906,95
504,furniture2,furniture_decor,2021-06-01,2,179.8,89.9,4.1,21.93,0.484261501,18
505,furniture2,furniture_decor,2021-07-01,2,179.8,89.9,4.1,29.79,2.435113207,22
506,furniture2,furniture_decor,2021-08-01,3,309.7,103.2333333,4.1,22.3,6.064950512,19
507,garden2,garden_tools,2020-04-01,5,299.5,59.9,4.3,18.652,6.593851133,17
508,garden2,garden_tools,2020-05-01,2,119.8,59.9,4.3,17.67,9.30420712,34
509,garden2,garden_tools,2020-06-01,5,299.5,59.9,4.3,15.978,12.84385113,26
510,garden2,garden_tools,2020-07-01,15,898.5,59.9,4.3,17.87866667,13.5315534,74
511,garden2,garden_tools,2020-08-01,19,1138.1,59.9,4.3,16.11157895,15.47330097,113
512,garden2,garden_tools,2020-09-01,34,2036.6,59.9,4.3,19.71176471,33.00970874,115
513,garden2,garden_tools,2020-10-01,13,778.7,59.9,4.3,18.98153846,12.62135922,146
514,garden2,garden_tools,2020-11-01,9,495.5,54.45,4.3,45.69666667,8.737864078,339
515,garden2,garden_tools,2020-12-01,1,49.9,49.9,4.3,18.0,0.970873786,184
516,garden2,garden_tools,2021-01-01,1,49.9,49.9,4.3,35.86,4.166666667,137
517,garden2,garden_tools,2021-02-01,4,203.6,51.23333333,4.3,33.525,16.66666667,160
518,garden2,garden_tools,2021-03-01,2,107.8,53.9,4.3,62.27,8.333333333,116
519,garden2,garden_tools,2021-04-01,2,107.8,53.9,4.3,33.93,6.593851133,111
520,garden2,garden_tools,2021-05-01,4,199.6,49.9,4.3,21.21,9.30420712,102
521,garden2,garden_tools,2021-06-01,5,249.5,49.9,4.3,22.42,12.84385113,58
522,garden2,garden_tools,2021-07-01,3,149.7,49.9,4.3,34.55,13.5315534,54
523,garden2,garden_tools,2021-08-01,3,149.7,49.9,4.3,20.99,15.47330097,46
524,furniture1,furniture_decor,2020-07-01,1,38.4,38.4,3.7,7.78,5.93883357,5
525,furniture1,furniture_decor,2020-08-01,8,307.2,38.4,3.7,12.105,13.82645804,14
526,furniture1,furniture_decor,2020-09-01,12,460.8,38.4,3.7,17.95,16.21621622,7
527,furniture1,furniture_decor,2020-10-01,25,960.0,38.4,3.7,13.98,33.78378378,17
528,furniture1,furniture_decor,2020-11-01,28,1026.51,36.85428571,3.7,13.65214286,37.83783784,64
529,furniture1,furniture_decor,2021-01-01,2,76.8,38.4,3.7,9.34,2.105263158,125
530,furniture1,furniture_decor,2021-02-01,9,345.6,38.4,3.7,18.68555556,9.473684211,52
531,furniture1,furniture_decor,2021-03-01,17,601.8,35.48571429,3.7,15.44823529,17.89473684,83
532,furniture1,furniture_decor,2021-04-01,17,595.0,35.0,3.7,13.46941176,17.89473684,92
533,furniture1,furniture_decor,2021-05-01,11,385.0,35.0,3.7,14.63454545,11.57894737,95
534,furniture1,furniture_decor,2021-06-01,13,455.0,35.0,3.7,18.10153846,13.68421053,18
535,furniture1,furniture_decor,2021-07-01,10,350.0,35.0,3.7,17.238,5.93883357,22
536,furniture1,furniture_decor,2021-08-01,16,560.0,35.0,3.7,15.628125,13.82645804,19
537,health2,health_beauty,2020-08-01,6,1950.0,325.0,4.2,21.075,16.9688676,82
538,health2,health_beauty,2020-09-01,11,3575.0,325.0,4.2,19.52363636,29.72972973,89
539,health2,health_beauty,2020-10-01,2,650.0,325.0,4.2,19.545,5.405405405,81
540,health2,health_beauty,2020-11-01,12,3900.0,325.0,4.2,16.99416667,32.43243243,139
541,health2,health_beauty,2020-12-01,6,1950.0,325.0,4.2,17.58333333,16.21621622,112
542,health2,health_beauty,2021-01-01,10,3250.0,325.0,4.2,19.824,6.329113924,98
543,health2,health_beauty,2021-02-01,23,7475.0,325.0,4.2,15.63782609,14.55696203,126
544,health2,health_beauty,2021-03-01,28,9125.0,325.8928571,4.2,19.37035714,17.72151899,169
545,health2,health_beauty,2021-04-01,21,6930.0,330.0,4.2,17.30904762,13.29113924,118
546,health2,health_beauty,2021-05-01,19,6270.0,330.0,4.2,15.74789474,12.02531646,159
547,health2,health_beauty,2021-06-01,16,5280.0,330.0,4.2,20.29875,10.12658228,131
548,health2,health_beauty,2021-07-01,13,4290.0,330.0,4.2,28.42,8.227848101,113
549,health2,health_beauty,2021-08-01,28,9240.0,330.0,4.2,20.50535714,16.9688676,127
550,garden1,garden_tools,2020-02-01,1,99.99,99.99,4.3,28.89,7.510204082,3
551,garden1,garden_tools,2020-03-01,5,499.95,99.99,4.3,31.946,8.551020408,21
552,garden1,garden_tools,2020-05-01,4,439.96,109.99,4.3,32.0925,4.040816327,34
553,garden1,garden_tools,2020-06-01,6,659.94,109.99,4.3,38.35166667,9.06122449,26
554,garden1,garden_tools,2020-07-01,1,120.0,120.0,4.3,34.2,7.510204082,74
555,garden1,garden_tools,2020-08-01,2,240.0,120.0,4.3,33.83,7.020408163,113
556,garden1,garden_tools,2020-09-01,7,735.0,102.5,4.3,30.04,7.142857143,115
557,garden1,garden_tools,2020-10-01,17,1619.93,95.29,4.3,41.08941176,17.34693878,146
558,garden1,garden_tools,2020-11-01,28,2519.72,89.99,4.3,39.33678571,28.57142857,339
559,garden1,garden_tools,2020-12-01,27,2429.73,89.99,4.3,38.4162963,27.55102041,184
560,garden1,garden_tools,2021-01-01,11,1405.0,127.7272727,4.3,45.97,22.0,137
561,garden1,garden_tools,2021-02-01,7,840.0,120.0,4.3,43.38142857,7.510204082,160
562,garden1,garden_tools,2021-03-01,6,660.0,110.0,4.3,54.53166667,8.551020408,116
563,garden1,garden_tools,2021-04-01,5,550.0,110.0,4.3,42.726,10.0,111
564,garden1,garden_tools,2021-05-01,2,220.0,110.0,4.3,32.23,4.040816327,102
565,garden1,garden_tools,2021-06-01,6,539.94,89.99,4.3,48.17833333,9.06122449,58
566,garden1,garden_tools,2021-07-01,7,699.93,99.99,4.3,43.68,7.510204082,54
567,garden1,garden_tools,2021-08-01,6,589.94,98.32333333,4.3,34.08333333,7.020408163,46
568,cool1,cool_stuff,2020-02-01,7,599.93,85.70428571,4.2,21.97142857,8.708708709,7
569,cool1,cool_stuff,2020-03-01,14,1399.86,99.99,4.2,16.64428571,17.41741742,22
570,cool1,cool_stuff,2020-04-01,17,1699.83,99.99,4.2,14.20235294,24.32432432,33
571,cool1,cool_stuff,2020-05-01,22,2199.78,99.99,4.2,15.02090909,19.81981982,58
572,cool1,cool_stuff,2020-06-01,14,1399.86,99.99,4.2,13.82642857,12.61261261,42
573,cool1,cool_stuff,2020-07-01,11,1099.89,99.99,4.2,16.52909091,9.90990991,42
574,cool1,cool_stuff,2020-08-01,14,1399.86,99.99,4.2,18.975,12.61261261,39
575,cool1,cool_stuff,2020-09-01,3,299.97,99.99,4.2,15.93333333,2.702702703,10
576,cool1,cool_stuff,2020-10-01,2,199.98,99.99,4.2,16.95,1.801801802,33
577,cool1,cool_stuff,2020-11-01,4,399.96,99.99,4.2,16.1875,3.603603604,42
578,cool1,cool_stuff,2020-12-01,3,299.97,99.99,4.2,15.26666667,2.702702703,38
579,cool1,cool_stuff,2021-01-01,3,299.97,99.99,4.2,16.54,33.33333333,102
580,cool1,cool_stuff,2021-02-01,1,99.99,99.99,4.2,13.72,8.708708709,20
581,cool1,cool_stuff,2021-03-01,2,199.98,99.99,4.2,20.78,17.41741742,45
582,cool1,cool_stuff,2021-04-01,3,269.59,89.86333333,4.2,19.87666667,24.32432432,18
583,computers4,computers_accessories,2020-02-01,3,479.97,159.99,4.2,33.4,7.889030612,3
584,computers4,computers_accessories,2020-03-01,3,479.97,159.99,4.2,33.4,10.54209184,3
585,computers4,computers_accessories,2020-04-01,5,699.95,139.99,4.2,35.122,14.0327381,5
586,computers4,computers_accessories,2020-06-01,3,479.97,159.99,4.2,42.03333333,7.072704082,15
587,computers4,computers_accessories,2020-07-01,6,839.94,139.99,4.2,48.10833333,4.961734694,17
588,computers4,computers_accessories,2020-08-01,7,1019.93,145.7042857,4.2,36.46,5.68664966,15
589,computers4,computers_accessories,2020-09-01,11,1679.89,151.99,4.2,43.72272727,11.45833333,15
590,computers4,computers_accessories,2020-10-01,17,2629.83,154.6958824,4.2,43.88117647,17.70833333,31
591,computers4,computers_accessories,2020-11-01,18,2699.82,149.99,4.2,42.51722222,18.75,36
592,computers4,computers_accessories,2020-12-01,23,3449.77,149.99,4.2,38.57,23.95833333,35
593,computers4,computers_accessories,2021-01-01,43,6746.9,156.5113514,4.2,36.8072093,17.55102041,152
594,computers4,computers_accessories,2021-02-01,31,4619.0,149.0,4.2,41.16322581,7.889030612,202
595,computers4,computers_accessories,2021-03-01,44,5986.0,136.1428571,4.2,48.0475,10.54209184,127
596,computers4,computers_accessories,2021-04-01,56,6764.0,120.9230769,4.2,27.25303571,14.0327381,107
597,computers4,computers_accessories,2021-05-01,25,2975.0,119.0,4.2,39.2172,10.20408163,78
598,computers4,computers_accessories,2021-06-01,27,3086.76,114.4911538,4.2,53.62555556,7.072704082,66
599,computers4,computers_accessories,2021-07-01,9,1079.91,119.99,4.2,48.62666667,4.961734694,43
600,computers4,computers_accessories,2021-08-01,10,1199.9,119.99,4.2,39.046,5.68664966,18
601,watches7,watches_gifts,2020-08-01,2,678.0,339.0,3.7,13.845,6.060606061,48
602,watches7,watches_gifts,2020-09-01,1,339.0,339.0,3.7,13.94,3.03030303,54
603,watches7,watches_gifts,2020-10-01,10,3461.58,346.158,3.7,13.455,30.3030303,43
604,watches7,watches_gifts,2020-11-01,9,3111.36,345.7066667,3.7,14.27555556,27.27272727,91
605,watches7,watches_gifts,2020-12-01,11,3836.8,348.8,3.7,16.10272727,33.33333333,73
606,watches7,watches_gifts,2021-01-01,1,339.9,339.9,3.7,17.13,1.111111111,59
607,watches7,watches_gifts,2021-02-01,5,1735.0,347.0,3.7,17.176,5.555555556,90
608,watches7,watches_gifts,2021-03-01,6,1847.0,307.8333333,3.7,18.22333333,6.666666667,125
609,watches7,watches_gifts,2021-04-01,6,1684.0,280.6666667,3.7,18.16833333,6.666666667,178
610,watches7,watches_gifts,2021-05-01,23,5956.3,258.9695652,3.7,13.63130435,25.55555556,260
611,watches7,watches_gifts,2021-06-01,4,983.6,245.9,3.7,14.795,4.444444444,93
612,watches7,watches_gifts,2021-07-01,45,7651.27,169.3493182,3.7,17.95355556,50.0,122
613,computers3,computers_accessories,2020-05-01,15,2715.7,178.0571429,4.2,18.75466667,15.78947368,11
614,computers3,computers_accessories,2020-06-01,15,2247.72,149.8525,4.2,21.70066667,15.78947368,15
615,computers3,computers_accessories,2020-07-01,4,584.77,146.6,4.2,18.27,4.210526316,17
616,computers3,computers_accessories,2020-08-01,13,1884.45,144.96,4.2,19.28538462,13.68421053,15
617,computers3,computers_accessories,2020-09-01,12,1656.87,138.59,4.2,35.9225,12.63157895,15
618,computers3,computers_accessories,2020-10-01,16,2206.4,137.9,4.2,36.021875,16.84210526,31
619,computers3,computers_accessories,2020-11-01,18,2482.2,137.9,4.2,39.39888889,18.94736842,36
620,computers3,computers_accessories,2020-12-01,2,269.8,134.9,4.2,38.78,2.105263158,35
621,computers3,computers_accessories,2021-01-01,5,665.0,133.0,4.2,38.044,62.5,152
622,computers3,computers_accessories,2021-02-01,3,398.91,132.97,4.2,14.59666667,37.5,202
623,health4,health_beauty,2020-10-01,1,29.9,29.9,4.5,11.85,7.692307692,81
624,health4,health_beauty,2020-11-01,6,179.4,29.9,4.5,12.51,46.15384615,139
625,health4,health_beauty,2020-12-01,6,179.4,29.9,4.5,10.115,46.15384615,112
626,health4,health_beauty,2021-01-01,15,448.5,29.9,4.5,9.551333333,12.09677419,98
627,health4,health_beauty,2021-02-01,16,478.4,29.9,4.5,10.09125,12.90322581,126
628,health4,health_beauty,2021-03-01,11,328.9,29.9,4.5,11.43454545,8.870967742,169
629,health4,health_beauty,2021-04-01,22,657.8,29.9,4.5,10.10318182,17.74193548,118
630,health4,health_beauty,2021-05-01,22,657.8,29.9,4.5,9.772727273,17.74193548,159
631,health4,health_beauty,2021-06-01,7,209.3,29.9,4.5,11.50285714,5.64516129,131
632,health4,health_beauty,2021-07-01,18,538.2,29.9,4.5,9.365555556,14.51612903,113
633,health4,health_beauty,2021-08-01,13,388.7,29.9,4.5,9.553076923,10.48387097,127
634,watches1,watches_gifts,2020-03-01,5,1205.03,241.006,3.8,21.318,17.62007555,6
635,watches1,watches_gifts,2020-04-01,3,766.83,255.61,3.8,21.22666667,5.893146249,3
636,watches1,watches_gifts,2020-06-01,5,925.0,185.0,3.8,14.74,9.821910416,17
637,watches1,watches_gifts,2020-07-01,10,1973.83,197.383,3.8,16.606,6.799784134,29
638,watches1,watches_gifts,2020-08-01,15,2698.5,179.9,3.8,14.92666667,13.86940097,48
639,watches1,watches_gifts,2020-09-01,20,3291.4,164.57,3.8,19.528,23.52941176,54
640,watches1,watches_gifts,2020-10-01,4,929.96,232.49,3.8,14.2125,4.705882353,43
641,watches1,watches_gifts,2020-11-01,18,3139.8,174.4333333,3.8,20.99277778,21.17647059,91
642,watches1,watches_gifts,2020-12-01,5,929.8,185.96,3.8,18.686,5.882352941,73
643,watches1,watches_gifts,2021-01-01,2,398.0,199.0,3.8,21.88,1.834862385,59
644,watches1,watches_gifts,2021-02-01,6,1092.0,182.0,3.8,19.33,5.504587156,90
645,watches1,watches_gifts,2021-03-01,32,4860.11,151.8784375,3.8,20.31375,17.62007555,125
646,watches1,watches_gifts,2021-04-01,9,1351.2,150.1333333,3.8,19.44777778,5.893146249,178
647,watches1,watches_gifts,2021-05-01,32,4241.0,132.53125,3.8,15.7621875,29.35779817,260
648,watches1,watches_gifts,2021-06-01,15,2073.3,138.22,3.8,16.108,9.821910416,93
649,watches1,watches_gifts,2021-07-01,2,310.0,155.0,3.8,16.47,6.799784134,122
650,watches1,watches_gifts,2021-08-01,11,1601.06,145.5509091,3.8,21.89727273,13.86940097,61
651,computers2,computers_accessories,2020-11-01,1,109.9,109.9,3.5,15.52,7.692307692,36
652,computers2,computers_accessories,2020-12-01,12,1318.8,109.9,3.5,25.24916667,92.30769231,35
653,computers2,computers_accessories,2021-01-01,29,2831.55,97.6425,3.5,14.84655172,17.05882353,152
654,computers2,computers_accessories,2021-02-01,71,5581.8,78.7122807,3.5,14.53591549,41.76470588,202
655,computers2,computers_accessories,2021-03-01,27,2187.3,81.02391304,3.5,18.22148148,15.88235294,127
656,computers2,computers_accessories,2021-04-01,13,1042.9,80.66666667,3.5,18.17230769,7.647058824,107
657,computers2,computers_accessories,2021-05-01,11,876.9,79.8,3.5,14.41454545,6.470588235,78
658,computers2,computers_accessories,2021-06-01,10,789.0,78.9,3.5,17.328,5.882352941,66
659,computers2,computers_accessories,2021-07-01,7,545.3,77.9,3.5,14.63857143,4.117647059,43
660,computers2,computers_accessories,2021-08-01,2,155.8,77.9,3.5,13.415,1.176470588,18
661,bed4,bed_bath_table,2020-10-01,29,1331.1,45.9,4.2,13.88241379,39.7260274,50
662,bed4,bed_bath_table,2020-11-01,32,1421.67,44.15444444,4.2,13.95875,43.83561644,97
663,bed4,bed_bath_table,2020-12-01,12,550.8,45.9,4.2,13.6875,16.43835616,41
664,bed4,bed_bath_table,2021-01-01,19,872.1,45.9,4.2,14.18210526,32.75862069,62
665,bed4,bed_bath_table,2021-02-01,16,734.4,45.9,4.2,12.1725,27.5862069,62
666,bed4,bed_bath_table,2021-03-01,8,383.2,47.9,4.2,15.22625,13.79310345,43
667,bed4,bed_bath_table,2021-04-01,7,335.3,47.9,4.2,19.08428571,12.06896552,34
668,bed4,bed_bath_table,2021-05-01,2,95.8,47.9,4.2,12.055,3.448275862,57
669,bed4,bed_bath_table,2021-06-01,4,191.6,47.9,4.2,12.6375,6.896551724,43
670,bed4,bed_bath_table,2021-07-01,2,95.8,47.9,4.2,24.69,3.448275862,26
671,bed5,bed_bath_table,2020-05-01,1,215.0,215.0,4.4,8.76,0.649350649,57
672,bed5,bed_bath_table,2020-06-01,10,2090.0,209.0,4.4,21.322,6.493506494,61
673,bed5,bed_bath_table,2020-07-01,59,12095.0,205.0,4.4,22.1959322,38.31168831,123
674,bed5,bed_bath_table,2020-08-01,52,10375.0,199.5098039,4.4,19.41288462,33.76623377,90
675,bed5,bed_bath_table,2020-09-01,32,5222.36,163.3987097,4.4,24.3246875,20.77922078,54
